id	org	name
100001	IND	ANTHONY Amalraj
100032	EGY	ABDEL-AZIZ Farah
100079	NGR	ABIODUN Bode
100089	RSA	ABRAHAMS Luke
100154	TOG	AGBETOGLO Mawussi
100189	QAT	ALAWLAQI Ahmed
100196	MDV	AHMED Moosa
100218	USA	AKHLAGHPASAND Mohammadreza
100261	TUN	BOU AZIZ Mokhtar
100302	KSA	AL-JADAI Naif
100329	QAT	ALMUGHANNE Fahed
100439	EGY	SALEH Ahmed
100445	KSA	ALIM Azzam
100486	ARG	ALTO Gaston
100621	POR	APOLONIA Tiago
100642	CRC	ARAYA Angie
100696	EGY	ASSAR Omar
100817	ENG	BAGGALEY Andrew
100868	SVK	BALAZOVA Barbora
101000	AUS	BROMLEY Michelle
101040	PYF	BELROSE Ocean
101192	ITA	BOBOCICA Mihai
101222	GER	BOLL Timo
101276	ALG	BOUDJADJA Mohamed Sofiene
101545	ROU	CAZACU Alexandru
101648	TPE	CHEN Chien-An
101820	TPE	CHUANG Chih-Yuan
101836	TTO	CHUNG Rheann
101861	MHL	CLANRY Clarence
101877	ECU	COELLO Geovanny
101879	RSA	COGILL Theo
102201	IND	DESHPANDE Divya
102213	NCL	DEY Jeremy
102316	ROU	MONTEIRO DODEAN Daniela
102367	BAR	Mark DOWELL
102380	ENG	DRINKHALL Paul
102427	ESP	Galia DVORAK
102441	CMR	EBODE MVILONGO Simon
102445	NGR	EDEM Offiong
102486	EGY	EL-BEIALI Mohamed
102671	QAT	FARAMARZI Maha
102680	BAR	FARLEY Kevin
102682	BAR	Trevor FARLEY
102690	HUN	Maria FAZEKAS
102712	SGP	FENG Tianwei
102761	GER	FILUS Ruwen
102827	GUY	FRANKLIN Christopher
102832	GER	FRANZISKA Patrick
102841	POR	FREITAS Marcos
102863	POR	YU Fu
102891	CRO	GACINA Andrej
102949	UKR	HAPONOVA Hanna
102968	AUT	GARDOS Robert
102983	GUA	GATICA Hector
103070	IND	GHOSH Soumyajit
103107	GRE	GIONIS Panagiotis
103126	IND	GNANASEKARAN Sathiyan
103163	USA	GOMBOS Ludovic
103175	LUX	GONDERINGER Tessy
103308	SVK	GUMAN Martin
103329	GUA	GUTIERREZ Allan
103345	AUT	HABESOHN Daniel
103425	CMR	HANFFOU Sarah
103621	TUN	HMAM Adam
103635	NZL	HER-LEE Sarah
103752	TPE	HUANG Yi-Hua
103903	ROU	IONESCU Ovidiu
104036	CZE	JANCARIK Lubomir
104092	AUS	JEE Minhyung
104115	SRB	JEVTOVIC Marko
104257	KOR	JEOUNG Youngsik
104314	IND	ACHANTA Sharath Kamal
104359	SRB	KARAKASEVIC Aleksandar
104379	SWE	KARLSSON Kristian
104514	ALG	KHEROUF Sami
104760	CRO	KOJIC Frane
104892	GRE	KREANGA Kalinikos
105008	EST	LAANE Lauri
105109	TOG	LAWSON-GAIZER Fessou
105111	AUS	LAY Jian Fang
105136	FRA	LEBESSON Emmanuel
105159	HKG	LEE Ho Ching
105197	KOR	LEE Sangsu
105233	USA	LEIBOVITZ Tahl
105341	POL	Qian LI
105469	AUT	Jia LIU
105472	USA	Juan LIU
105482	CHN	LIU Shiwen
105649	CHN	MA Long
105678	RSA	MADAREE Arisha
105679	MEX	MADRID Marcos
105681	SRI	MADURANGI Ishara
105779	CRO	MALOBABIC Ivana
105913	CZE	MATELOVA Hana
106050	GER	MENGEL Steffen
106114	RUS	MIKHAILOVA Polina
106151	ECU	MINO Alberto
106195	JPN	MIZUTANI Jun
106208	KEN	THAKKAR Sejal
106296	POR	MONTEIRO Joao
106298	BRA	MONTEIRO Thiago
106366	GUA	MOSCOSO Heber
106660	HKG	NG Wing Nam
106706	LUX	NI Xia Lian
106788	RUS	NOSKOVA Yana
106814	BEL	NUYTINCK Cedric
106843	CIV	OBA Don Ange Cedric
106848	CZE	OBESLO Michal
106868	NGR	AKPAN Cecilia
106913	CHI	OLIVARES Felipe
106995	NGR	OSHONAIKE Olufunke
107028	GER	OVTCHAROV Dimitrij
107177	POL	PARTYKA Natalia
107194	IND	PATKAR Madhurika
107272	CUB	PEREIRA Andy
107302	HUN	PERGEL Szandra
107312	SWE	PERSSON Jon
107321	UKR	PESOTSKA Margaryta
107324	SRB	PETO Zsolt
107335	BUL	PETKOV Vladimir
107445	SVK	PISTEJ Lubomir
107456	BLR	PLATONOV Pavel
107477	AUT	POLCANOVA Sofia
107525	HUN	POTA Georgina
107570	UKR	PRYSHCHEPA Yevhen
107658	SMR	RAGNI Lorenzo
107707	COL	RAMOS Julian
107762	ITA	RECH DALDOSSO Marco
107769	CRO	REDJEP Ronald
108204	FRA	SALIFOU Abdel-Kader
108226	ROU	SAMARA Elizabeta
108246	BLR	SAMSONOV Vladimir
108276	THA	SANGUANSIN Phakpoom
108289	VAN	SANTHY Liopa
108470	KOR	SUH Hyowon
108526	IRI	SHAHSAVARI Neda
108574	IND	SHETTY Sanil
108581	RUS	SHIBAEV Alexander
108657	POL	SIKORSKA Magdalena
108667	POR	SILVA Andre
108742	RUS	SKACHKOV Kirill
108826	FIN	SOINE Samuli
108843	AUT	SOLJA Amelie
108875	UKR	BILENKO Tetyana
108955	ITA	STEFANOVA Nikoleta
108956	POL	STEFANSKA Kinga
108958	GER	STEGER Bastian
109002	ITA	STOYANOV Niagol
109140	ROU	SZOCS Hunor
109272	AUS	TAPPER Melissa
109453	SRB	TODOROVIC Andrea
109459	SLO	TOKIC Bojan
109496	IND	TORGALKAR Omkar Vaman
109581	BRA	TSUBOI Gustavo
109777	CHI	VEGA Paulina
109946	GER	WALTHER Ricardo
109995	SVK	Yang WANG
110227	USA	WU Yue
110267	CHN	XU Xin
110286	BRA	YAMADA Jessica
110367	UKR	YEFIMOV Viktor
110411	JPN	YOSHIDA Masaki
110560	CAN	ZHANG Mo
110602	UKR	ZHMUDENKO Yaroslav
110660	AUT	AL-SAMHOURY Tarek
110673	IRI	ALAMIYAN Noshad
110674	JOR	ABO YAMAN Zaid
110686	IND	DAS Ankita
110726	FIN	OLAH Benedek
110729	JPN	NIWA Koki
110744	KSA	ALSHARIF Mohammed
110752	JPN	ISHIKAWA Kasumi
110768	CYP	YIANGOU Marios
110797	TPE	CHENG I-Ching
110837	RSA	MAPHANGA Zodwa
110879	CGO	MAFUTA-IVOSO Jolie
110989	YEM	ALI Omar
110995	ITA	VIVARELLI Debora
111012	ROU	SZOCS Bernadette
111050	ESP	ROBLES Alvaro
111053	ARG	CODINA Ana
111065	GER	SOLJA Petrissa
111066	GER	WINTER Sabine
111072	ESP	XIAO Maria
111113	USA	ZHANG Yahao
111115	PAR	AGUIRRE Marcelo
111119	PAR	OVELAR Lucero
111144	BLR	BARAVOK Katsiaryna
111210	USA	WANG  Wei
111213	HUN	MADARASZ Dora
111216	ITA	MUTTI Leonardo
111260	NEP	SHRESTHA Nabita
111286	AUS	David POWELL
111346	CHI	MORALES Judith
111416	SUI	MORET Rachel
111498	CRC	Jeison MARTINEZ
111512	PUR	GONZALEZ Daniel
111514	DOM	GALVEZ Samuel
111517	DOM	BRITO Eva
111628	SGP	YU Mengyu
111641	IND	DESAI Harmeet
111656	EGY	MESHREF Dina
111683	CHI	GOMEZ Gustavo
111790	NGR	AJIBIKE Mojisola Suliat
111833	THA	SAWETTABUT Suthasini
111849	GER	SHAN Xiaona
111871	RUS	VOROBEVA Olga
111881	AUT	LIU Yuan
111887	EGY	SHOUMAN Mohamed
111959	EGY	ASSAR Khalid
111960	RSA	LINGEVELDT Kurt
111964	RSA	MADLALA Khanyisile
112019	CHN	CHEN Meng
112035	IRI	ALAMIAN Nima
112062	FRA	GAUZY Simon
112073	SWE	BRODD Viktor
112074	SWE	FALCK Mattias
112075	SWE	SODERLUND Hampus
112086	RSA	PATEL Danisha
112092	NGR	ARUNA Quadri
112121	CUB	CAMPOS Jorge
112125	DOM	VILA Isaac
112144	VEN	GONZALEZ Roxy
112221	USA	ZHANG Lily
112249	EGY	EL-DAWLATLY Nadeen
112261	UZB	KENJAEV Zokhid
112280	LUX	DE NUTTE Sarah
112284	ENG	MCBEATH David
112302	KGZ	SAGYNDYKOV Talgat
112356	FRA	LOEUILLETTE Stephanie
112367	USA	LEVINSKI Mishel
112368	KOR	YANG Haeun
112409	DEN	GROTH Jonathan
112427	USA	MALUSZCZAK Agnieszka
112442	ENG	PITCHFORD Liam
112446	FRA	HACHARD Antoine
112451	CRO	CIPIN Filip
112453	CRO	JEGER Mateja
112462	PUR	RIOS Daniely
112463	PUR	DIAZ Melanie
112580	JPN	Masataka MORIZONO
112591	FIJ	LI Carolyn
112599	TPE	YEH Chih-Wei
112620	HKG	WONG Chun Ting
112633	IRI	SAMET Maryam
112642	GHA	ABREFA Derek
112647	UGA	NYAIKA Ronald
112735	SVK	WANG Yang
112866	BUL	TRIFONOVA Polina
112868	MON	YANG Xiaoxin
112897	CGO	BOKOCKOU Ira
112900	CGO	MOSSEMBA Thomie
112944	TUR	ALTINKAYA Sibel
112950	BUL	KODJABASHEV Denislav
112952	BUL	ALEXANDROV Teodor
113136	FIN	OKSANEN Jannika
113165	UKR	Lei KOU
113197	QAT	MOHAMED Ala
113243	CZE	SIRUCEK Pavel
113300	TPE	LIU Hsing-Yin
113309	MEX	SILVA Yadira
113317	BEL	DEVOS Robin
113329	HUN	LAKATOS Tamas
113336	KOR	KIM Donghyun
113350	CZE	MIKULCOVA Kristyna
113351	PUR	PIETRI Richard
113363	HUN	NAGYVARADI Mercedes
113373	JOR	ABUYAMAN Sewar
113376	KSA	ALKHADRAWI Ali
113392	KOR	BAEK Kwangil
113395	SGP	CHEW Zhe Yu Clarence
113418	BRA	KUMAHARA Luca
113419	BRA	JOUTI Eric
113433	CHI	MOYA Manuel
113450	PAR	TORANZOS Alejandro
113472	CIV	OBA Oba Kizito
113536	ECU	TAPIA Rodrigo
113559	GHA	LARTEY Felix
113563	NGR	OMOTAYO Olajide
113565	GHA	KWABI Cynthia
113587	WAL	CAREY Charlotte
113676	FRA	ANGLES Enzo
113679	ALG	BOULOUSSA Mehdi
113681	SEN	DIAW Ibrahima
113689	FRA	ROBINOT Alexandre
113701	NED	EERLAND Britt
113711	ROU	CIOBANU Irina
113764	PER	LI Julio
113782	COL	PERDOMO Maria
113878	GUA	ENRIQUEZ Mabelyn
113893	EGY	MAGDY Shady
113908	EGY	HELMY Yousra
113914	AUT	CHEN Alexander
113931	POL	DYJAS Jakub
113942	CZE	Karin ADAMKOVA
113943	CRO	JAZBEC Ida
113944	CRO	RAKOVAC Lea
114005	BUL	KRASTEV Petyo
114020	FIN	OCONNOR Miikka
114024	GRE	KIOUFI Aliki Maria
114027	GRE	KONSTANTINOPOULOS Konstantinos
114028	GRE	KONSTANTINOPOULOS Giorgos
114081	SVK	JURKOVA Eva
114105	TPE	CHEN Szu-Yu
114123	TPE	LEE Chia-Sheng
114127	HKG	LI Ching Wan
114143	IRI	ROUINTANESFAHANI Mohammadali
114158	KOR	YOO Eunchong
114202	ALG	BOURIAH Larbi
114247	CAN	WANG Eugene
114323	JOR	ALDMAISY Zeyad
114347	LBN	HARB Ahmad
114355	FRA	FLORE Tristan
114356	POR	CHEN Diogo
114410	SWE	RANEFUR Elias
114429	FIN	KIRICHENKO Anna
114457	CGO	IDOWU Saheed
114460	AUS	HU Heming
114516	CZE	TOMANOVA Tamara
114517	CZE	TOMANOVSKA Katerina
114521	CRO	PETEK Petra
114563	NEP	MAHARJAN Elina
114614	KOR	CHOI Deokhwa
114665	PNG	SEPA Gasika
114686	VAN	QWEA Stephanie
114689	SWE	JONSSON Jennifer
114704	NGR	ADEYINKA Hammed
114706	TPE	CHENG Hsien-Tzu
114709	BEL	LAMBIET Florent
114715	GER	QIU Dang
114716	HUN	ECSEKI Nandor
114717	HUN	SZUDI Adam
114718	ENG	WALKER Samuel
114719	ROU	SPELBUS Alin
114726	GER	MITTELHAM Nina
114780	CIV	HOUNGUE Lea
114784	SLO	PELCAR Tomaz
114848	BEL	ALLEGRO Martin
114856	FRA	LANDRIEU Andrea
114860	HUN	MAJOROS Bence
114865	ITA	BACIOCCHI Alessandro
114897	HUN	BALINT Bernadett
114905	SWE	BERGSTROM Linda
114936	KOR	JANG Woojin
114947	RUS	KOTCYUR Valeria
114960	CZE	REITSPIES David
114965	CZE	MYNAROVA Karolina
114973	BLR	KHANIN Aleksandr
114976	BLR	SHAMRUK Gleb
114999	UZB	KHOLIKOV Elmurod
115000	PUR	AFANADOR Brian
115009	PUR	DIAZ Adriana
115019	SVK	NOVOTA Samuel
115029	DEN	LIND Anders
115037	HKG	SOO Wai Yam Minnie
115039	HUN	IMRE Leila
115068	SWE	FRONT Erika
115081	GRE	TSEKOURA Dimitra
115100	SVK	VALUCH Alexander
115104	ALG	KESSACI Katia
115118	KSA	SHULAYBI Abdulaziz BU
115134	CHI	OLAVE Alfonso
115249	CGO	BIENATIKI Christ
115357	GHA	ASANTE Emmanuel
115379	NGR	BELLO Fatimo
115396	POR	GERALDO Joao
115402	ESP	ZHANG Sofia-Xuan
115413	ITA	PICCOLIN Giorgia
115430	ENG	HO Tin-Tin
115439	JPN	MURAMATSU Yuto
115449	AUT	LEVENKO Andreas
115454	POL	BAJOR Natalia
115498	GUY	EDGHILL Chelsea
115543	HKG	DOO Hoi Kem
115545	HKG	KWAN Man Ho
115546	HKG	LAM Siu Hang
115548	HKG	LI Hon Ming
115559	KOR	PARK Chan-Hyeok
115565	THA	KHETKHUAN Tamolwan
115621	CHN	YAN Sheng
115641	BRA	CALDERANO Hugo
115789	TPE	HUANG Hsin
115827	SUI	BERNHARD Denis
115828	SUI	WEBER Lionel
115850	GRE	TOLIOU Aikaterini
115866	THA	TANVIRIYAVECHAKUL Padasak
115910	CHN	LIN Gaoyuan
115920	IND	BATRA Manika
115939	IND	TENNISON Reeth
116021	USA	JHA Kanak
116152	HKG	LAM Yee Lok
116160	TPE	WANG Yi-Ju
116213	ESP	VILCHEZ Miguel
116364	ARG	MOLERO Candela
116424	CHI	LAMADRID Juan
116477	NZL	WANG Roger
116530	GER	ORT Kilian
116532	CRO	PUCAR Tomislav
116612	FRA	AKKUZU Can
116620	GER	DUDA Benedikt
116641	FRA	RUIZ Romain
116674	GER	MANTZ Chantal
116675	GRE	ANGELAKIS Konstantinos
116677	GRE	PARIDI Konstantina
116680	CRO	ZELJKO Filip
116697	SVK	KALUZNY Samuel
116699	NGR	AJULO Gbenga
116709	UAE	ALBALOOSHI Abdulla
116717	EGY	MAHMOUD Moamen
116723	EGY	ABDEL-AZIZ Youssef
116733	EGY	YOUSRY Amira
116739	BRN	ALYASSI Alyas
116742	BRN	RASHED Rashed
116748	IRI	NIA Soroosh AMIRI
116758	IND	DANI Mudit
116763	ESA	ARIAS Emme
116779	MEX	Monica SERRANO
116798	CZE	POLANSKY Tomas
116806	AFG	BAKHTIYARI Mustafa
116818	KOR	KIM Minhyeok
116820	KOR	PARK Ganghyeon
116831	EGY	HELMY Mahmoud
116846	SWE	ERIKSSON Anders
116853	SWE	KALLBERG Anton
116863	DEN	Stefanie CHRISTENSEN
116873	FRA	MIGOT Marie
116874	FRA	ZARIF Audrey
116921	FRA	CHASSELIN Pauline
117002	FRA	SEYFRIED Joe
117003	FRA	CASSIN Alexandre
117006	ITA	PICCOLIN Jordy
117009	BEL	MARCHETTI Nathalie
117013	ITA	LE Thi Hong Loan
117031	IND	SRIRAM Sushmit
117035	IND	ROY Krittwika
117099	ECU	GALVEZ Eunice
117113	JPN	YOSHIMURA Maharu
117140	TUN	AMMOUS Omar
117142	ALG	LOGHRAIBI Lynda
117150	TUN	GARCI Fadwa
117294	CHI	ORTEGA Daniela
117298	BRA	ALEXANDRE Bruna
117312	BRA	ISHIY Vitor
117330	DOM	WU Jiaji
117336	JPN	JIN Takuya
117340	USA	TAO  Wenzhang
117345	CHN	ZHOU Kai
117350	IND	GROVER Sudhanshu
117357	KOR	LIM Jonghoon
117365	IND	MUKHERJEE Sutirtha
117368	IND	DAS Priyadarshini
117373	TPE	HUANG Yu-Wen
117455	BUL	YOVKOVA Maria
117463	ROU	DIACONU Adina
117499	MAS	HO Ying
117530	ARG	SANCHI Francisco
117604	CAN	HAZIN Jeremy
117613	CAN	WANG  Zexuan
117617	USA	Xin ZHOU
117758	USA	Huijing WANG
117797	AUS	Xin YAN
117820	JPN	HIRANO Miu
117821	JPN	ITO Mima
117822	JPN	KATO Miyu
117862	LUX	GLOD Eric
117865	MDA	PUTUNTICA Andrei
117883	GUY	CUMMINGS Natalie
117890	KAZ	GERASSIMENKO Kirill
117891	KAZ	LAVROVA Anastassiya
117893	KAZ	ZHAMAL Bekulan
117894	KAZ	ZHOLUDEV Denis
117903	USA	RANASINGHA Imesh
117914	THA	TANCHAROEN Sarayut
117931	TUR	KULAKCEKEN Simay
117954	NGR	BISOLA Asiaju
117977	VAN/PNG	MAWA Tracy
118009	MEX	VILLA Ricardo
118028	GUA	CORDERO Lucia
118072	ESP	FRANCO Carlos
118087	JOR	ABO-YAMAN Taimmaa
118096	LBN	HARB Ahmad Hussein
118108	UAE	ALBALUSHI Salah
118126	ECU	PAREDES Nathaly
118507	SWE	KALLBERG Christina
118523	AUS	CHAMBERS Dillon
118671	DEN	RASMUSSEN Tobias
118683	RUS	CHERNYAVSKAYA Ekaterina
118685	RUS	SHCHERBATYKH Valeria
118694	SVK	Simona HORVATHOVA
118702	NGR	FAGBAMILA Akinwale
118722	TOG	FANNY Kokou Dodji
118762	GER	HAN Ying
118774	BEL	DEGRAEF Margo
118777	GER	WAN Yuan
118786	SGP	LIN Ye
118802	JOR	SALAMEH Mohammad
118851	SLO	KOZUL Deni
118856	BLR	NIKITCHANKA Alina
118868	HUN	HARTBRICH Leonie
118886	JPN	MATSUYAMA Yuki
118888	RUS	TIUTRIUMOV Aleksandr
118889	RUS	ISMAILOV Sadi
118893	AUT	MISCHEK Karoline
118920	ITA	PINTO Daniele
118927	SLO	JORGIC Darko
118994	KOR	JEON Jihee
119020	CAN	CHEN Hongtao
119022	USA	WANG Amy
119042	IND	GHOSH Anirban
119047	FIN	MUSTONEN Aleksi
119089	KOR	YOON Hyobin
119092	FRA	BERTRAND Irvin
119109	ARG	ARGUELLES Camila
119261	UKR	SINKEVYCH Bohdan
119266	POL	KRZYSIEK Paulina
119284	KOR	CHO Seungmin
119285	KOR	LEE Zion
119316	ARG	CIFUENTES Horacio
119382	EST	HANSON Reelica
119463	USA	KUMAR Nikhil
119476	USA	LIU Wantong
119529	CHN	FAN Siqi
119532	CHN	YU Ziyang
119533	CHN	ZHOU Qihao
119535	IND	NAINA Ms.
119537	IND	MUKHERJEE Ayhika
119542	JPN	MORI Sakura
119545	KAZ	ALIMBAYEVA Aiya
119546	KAZ	RAITER Erik
119565	TPE	LIAO Cheng-Ting
119585	TUR	YIGENLER Abdullah
119588	CHN	LIANG Jingkun
119625	GUA	ZAPATA Hidalynn
119658	ESA	SUAREZ Gabriela
119676	KOR	JI Eunchae
119730	CHN	HE Zhuojia
119746	KOR	KIM Byeolnim
119749	TPE	HUANG Yu-Chiao
119794	JPN	KIZUKURI Yuto
119797	CHN	QIAN Tianyi
119813	CHN	ZHANG Yudong
119820	SEN	SOW Hamidou
119836	ARG	KAIZOJI Camila
119850	KOR	KIM Daewoo
119873	TPE	SUN Chia-Hung
119877	TPE	PENG Wang-Wei
119928	NEP	KHANIYA Binesh
119945	AUS	DIXON Xavier
120020	TUN	HAJ SALAH Abir
120026	NGR	OLADIRAN Joshua
120051	ENG	TSAPTSINOS Maria
120052	ESP	CABALLERO Carlos
120074	LUX	MLADENOVIC Luka
120108	FRA	GAUTHIER Lucie
120112	FRA	MOSTAFAVI Leili
120125	SWE	BERGAND Filippa
120154	POL	BADOWSKI Marek
120157	SLO	CVETKO Tilen
120158	SLO	ZELKO Damjan
120162	SLO	HRIBAR Peter
120167	TUR	GUNDUZ Ziver
120168	TUR	GUNDUZ Ibrahim
120185	SRB	VIGNJEVIC Dragana
120187	SRB	LUPULESKU Izabela
120224	ROU	SIPOS Rares
120267	CZE	MARTINKO Jiri
120281	CZE	KOLDAS Tomas
120284	SVK	SPANIK Tibor
120285	ITA	ROSSI Carlo
120287	ITA	MUTTI Matteo
120292	SVK	GRIGELOVA Natalia
120294	ITA	MONFARDINI Gaia
120300	AUT	SERDAROGLU David
120318	SGP	POH Shao Feng Ethan
120557	EST	AVAMERI Airi
120560	BLR	BOGDANOVA Nadezhda
120643	IRI	HOSSEINI Sajad
120649	LBN	HARB Bassel
120650	LBN	FAHES Ghaleb
120674	FIN	NAUMI Alex
120696	NZL	AMOR Kelsey
120698	NZL	DELA PENA Alfred
120725	EGY	ALHODABY Marwa
120726	EGY	ALHODABY Mariam
120742	ALG	CHAICHI Abdelbasset
120750	ALG	NASRI Malissa
120765	LUX	THILLEN Eric
120777	BEL	LUNG Lisa
120790	CIV	HOUDJI Zinsou
120791	RSA	SAPIRE Tevia
120795	RSA	SASMAN Jade
120845	KOR	KANG Dongsoo
120850	JPN	OIKAWA Mizuki
120851	JPN	TSUBOI Yuma
120857	FRA	BOURRASSAUD Florian
120872	ESP	MASIP Joan
120885	NGR	OLUYOMI Salako
120896	ECU	RIOFRIO Emiliano
120929	THA	MAUNGWHAN Chayaduj
120972	THA	PARANANG Orawan
120979	NOR	CARLSEN Rebekka
121015	FIJ	WING Philip
121031	POL	KULCZYCKI Samuel
121040	POL	WEGRZYN Anna
121041	POL	WEGRZYN Katarzyna
121042	ROU	PLETEA Cristian
121073	SMR	GIARDI Federico
121074	SRB	SURJAN Sabina
121097	CAN	LEHMANN Matthew
121103	USA	GUAN Angela
121106	USA	ACKERMAN Esther
121123	DEN	WALLOE Sophie
121178	USA	ALGUETTI Gal
121179	USA	ALGUETTI Sharon
121222	USA	LIANG  Jishan
121226	USA	LIU  Dan
121249	USA	SUNG Joanna
121250	USA	SUNG Rachel
121257	USA	WANG  Yutian
121278	MEX	ARCE Dario
121401	POR	SHAO Jieni
121403	CHN	CHEN Xingtong
121404	CHN	FAN Zhendong
121408	CHN	LIU Dingshuo
121411	CHN	WANG Manyu
121412	CHN	XUE Fei
121416	KAZ	ZAKHAROV Vladislav
121420	KSA	ALMUTAIRI Turki
121440	CUB	MARTINEZ Livan
121445	CUB	LOVET Idalys
121474	MAS	LEONG Chee Feng
121481	THA	YINGYUENYONG Sarun
121514	KOR	AN Jaehyun
121523	KOR	SIM Hyunju
121558	CHN	WANG Chuqin
121565	KOR	HWANG Minha
121577	TPE	LI Hsin-Yang
121582	TPE	LIN Yun-Ju
121588	TPE	YANG Tzu-Yi
121591	CHN	LIU Yebo
121623	BRA	TAKAHASHI Bruna
121684	ENG	JARVIS Tom
121687	POR	DOYEN Antoine
121688	FRA	GUISNEL Oceane
121690	FRA	PICARD Vincent
121693	GRE	SGOUROPOULOS Ioannis
121706	RUS	TAILAKOVA Mariia
121708	SRB	JOKIC Tijana
121714	SVK	KUKULKOVA Tatiana
121715	SVK	PUCHOVANOVA Nikoleta
121722	TUN	BOURASS Aboubaker
121724	TUN	KALLEL Iheb
121740	BAR	KNIGHT Tyrese
121869	SVK	ZELINKA Jakub
121881	BLR	TRIGOLOS Daria
121882	CRO	CAKOL Klara
121883	CZE	SEVCIKOVA Marketa
121884	CZE	PETROVOVA Nikita
121890	SVK	LABOSOVA Ema
121939	IRI	SHAMS Hamid
121940	IRI	SHAMS Navid
121953	VEN	VILLANUEVA Nelson
121959	IRI	ASHTARI Mahshid
121961	IRI	FAREI Maryam
122001	BEL	DEVOS Laurens
122002	FRA	BARDET Lilian
122029	ENG	BOLTON Emily
122043	SWE	FRIIS Martin
122044	SWE	MOREGARD Truls
122046	KOR	KIM Haeun
122051	ITA	OYEBODE John
122052	KOR	LEE Eunhye
122053	TUR	SAHIN Zihni
122064	AUT	KOLODZIEJCZYK Maciej
122066	CZE	HORT Tomas
122067	ITA	AMATO Antonino
122078	ITA	GIOVANNETTI Tommaso
122082	ITA	LAURENTI Jamila
122086	ITA	PUPPO Andrea
122095	FRA	REMBERT Bastien
122122	WAL	EVANS Callum
122151	TUN	BEN ATTIA Youssef
122155	TUN	ABID Youssef
122165	JEY	WYKES Jordan
122193	NGR	ORIBAMISE Esther
122195	NGR	ODUSANYA Abosede
122225	ARG	BENTANCOR Martin
122231	SGP	ZHANG Wanling
122242	PER	DUFFOO Moises
122261	JPN	SATO Hitomi
122320	MDA	URSU Vladislav
122326	THA	KOLA Nanapat
122337	KOR	KIM Yanghyun
122348	UKR	BRATEYKO Solomiya
122419	CAN	LIAO Ivy
122421	CAN	GAUTHIER Sophie
122425	CAN	LY Edward
122428	ROU	DRAGOMAN Andreea
122434	ENG	PAYET Denise
122455	POL	ZAKRZEWSKA Agata
122482	DOM	ORTIZ Yasiris
122503	GUY	BRITTON Shemar
122538	DOM	CASTRO Esmerlyn
122546	SGP	TAN Lucas
122585	USA	ZHANG Kai
122586	USA	ZHANG Xiangjing
122604	PER	DUFFOO Isabel
122607	PER	HIDALGO Rodrigo
122610	PER	DUFFOO Felipe
122643	IRL	GILLEN Alexander
122647	ROU	CHIRITA Cristian
122650	SLO	VOVK Aleksandra
122660	NGR	OJOMU Ajoke
122677	BLR	TSIAROKHIN Andrei
122679	BLR	RUKLIATSOU Uladzislau
122688	ECU	ESPINOZA John
122713	CMR	JAGUE Alain Patrick
122716	TPE	SU Pei-Ling
122718	IND	AKULA Sreeja
122727	TPE	FENG Yi-Hsin
122777	JPN	UDA Yukiya
122786	BRA	PRATES Jessica
122798	JOR	ALHOURANI Hasan
122800	JOR	KHADER Khaled
122814	PNG	LOI Geoffrey
122842	SLO	TOFANT Ana
122862	GUA	CARRILLO Sergio
122964	CUB	RODRIGUEZ Lizdainet
122982	CRO	BAN Ivor
122988	CRO	PAVLOVIC Andrea
123017	HUN	BOTH Oliver
123018	HUN	JUHASZ Patrik
123019	HUN	ANDRAS Csaba
123028	BRA	TURRINI Rafael
123031	BRA	TEODORO Guilherme
123056	KOR	LEE Seunghwan
123071	MGL	BATBAYAR Doljinzuu
123090	GUY	ALLEYNE Joel
123112	CHN	ZHANG Rui
123113	KOR	KIM Hayeong
123114	CHN	GUO Yuhan
123120	CHN	SHI Xunyao
123128	NGR	AKANBI Rilwan
123129	NGR	AKINYINKA Kehinde
123143	GHA	COMMEY Emmanuel
123163	CMR	NDIKUM ASAAH Prosper
123166	NGR	OLADIPUPO Olayinka
123168	NGR	OLORUNTADE Adeola
123172	NGR	OYETAYO Sola
123175	NGR	SOLANKE Azeez
123189	FRA	FORT Nolwenn
123192	SRB	LEVAJAC Dimitrije
123198	GRE	TERPOU Elisavet
123204	SRB	GACEV Aleksa
123215	IND	AMRUTE Shruti Vijay
123221	IND	PANDE Siddhesh
123228	KAZ	AKASHEVA Zauresh
123230	KAZ	KENZHIGULOV Dastan
123233	QAT	ABDULLA Shouq
123241	SVK	SINKAROVA Dasa
123282	RUS	KATSMAN Lev
123293	GER	MENG Fanbo
123300	FRA	ROLLAND Jules
123305	FRA	DE NODREST Leo
123373	ENG	AKINDIYA Ismaila
123385	IND	BHANJA Ronit
123386	IND	CHANDRA Jeet
123390	LBN	BAYROUTI Mohammad
123391	LBN	CHBIB Hassan
123456	NED	HOOP Sanne DE
123467	COL	ECHEVERRY Manuela
123472	IRI	KARAMI Melika
123478	IRI	AHMADIAN Amin
123505	HKG	ZHU Chengzhu
123514	GRE	STAMATOUROS Georgios
123519	ROU	PLAIAN Tania
123534	CZE	MARTINKO Tomas
123535	CZE	BLASKOVA Zdena
123550	FRA	LUTZ Camille
123560	BEL	KOSOLOSKY Olav
123575	SGP	WONG Xin Ru
123578	SGP	BEH Kun Ting
123579	SGP	GOI Rui Xuan
123580	SGP	KOH Kai Xin Pearlyn
123638	TUR	KAHRAMAN Betul Nur
123639	TUR	OZTURK Merve Nur
123649	ITA	RONCALLO Valentina
123659	BEL	RASSENFOSSE Adrien
123664	CZE	VALENTA Jan
123666	SLO	STRAZAR Katarina
123667	SLO	PAULIN Lea
123672	JPN	HAYATA Hina
123678	IND	DO ROSARIO Wesley
123680	IND	SURAVAJJULA Snehit
123682	IND	THAKKAR Manav Vikash
123684	IND	KAMATH Archana Girish
123690	HKG	HO Kwan Kit
123791	RSA	MOOKREY Simeen
123814	BAR	MAXWELL Ramon
123829	ESP	LILLO Alberto
123838	KEN	JUMA Doreen
123847	JPN	ANDO Minami
123848	JPN	SHIBATA Saki
123862	CRC	GRANADOS Nicole
123864	PHI	NAYRE Jann Mari
123894	THA	SAWETTABUT Jinnipa
123931	RUS	GREBNEV Maksim
123935	FIJ	WU Vicky
123938	FIJ	YEE Grace Rosi
123962	JPN	YOSHIMURA Kazuhiro
123971	KOR	CHO Daeseong
123972	KOR	CHOI Haeeun
123976	KOR	PARK Gyeongtae
123977	KOR	SHIN Yubin
123980	JPN	HARIMOTO Tomokazu
123982	LUX	BARBOSA Ariel
124027	CUB	GOMEZ ROJAS Eday
124028	USA	MENA SIGLER Brian
124041	CUB	PEREZ GONZALEZ Karla
124042	CUB	FONSECA CARRAZANA Daniela
124049	CUB	AGUIAR LA O Rosalba
124064	TOG	ALASSANI Soudes
124073	UGA	SEERA Florence
124110	CHN	WANG Yidi
124121	GEO	NIKOIANI Ana
124132	ISL	ULFARSSON Magnus
124143	SCO	MORRISON Calum
124145	TUR	SEKER Alican
124147	UKR	LIMONOV Anton
124156	TPE	CHEN Ying-Chen
124162	TPE	LI Yu-Jhun
124165	TPE	CHIEN Tung-Chuan
124192	GER	FADEEV Kirill
124260	MGL	MYANDAL Temuulen
124288	USA	LI  Rui Ni
124309	USA	SUN  Xizi
124363	USA	KE Tiffany
124378	USA	GODHWANI Aditya
124403	NCA	ALVAREZ SANCHEZ Mario
124411	MEX	GASTELUM Pablo
124421	ECU	PLAZA Mylena
124426	VEN	OBANDO Camila
124430	EST	STROGOV Stanislav
124506	CHI	RIOS Valentina
124527	BRA	ISHIDA Carlos
124566	POR	GOMES Goncalo
124572	TPE	HUANG Yan-Cheng
124576	RUS	SIDORENKO Vladimir
124578	AUT	PROMBERGER Jonas
124584	TPE	HUANG Yu-Jie
124591	JPN	NAGASAKI Miyu
124639	TUR	YILMAZ Tugay
125492	CAN	TONG May Hui
131036	JPN	KIHARA Miyuu
131040	TUN	STA Khalil
131062	SVK	KLAJBER Adam
131068	GER	BONDAREVA Anastasia
131086	GER	SCHREINER Franziska
131095	CZE	STEPANOVA Gabriela
131100	FRA	PAVADE Prithika
131127	SRB	TOMINJAK Radmila
131128	POL	GRELA Artur
131140	RUS	OKHOTNIKOVA Ekaterina
131148	CHN	XU Yingbin
131150	KAZ	KENZHIGULOV Aidos
131156	QAT	ABDULWAHHAB Mohammed
131163	CHN	SUN Yingsha
131169	GER	HIPPLER Tobias
131171	IND	SELVAKUMAR Selena
131176	DEN	ANDERSEN Martin Buch
131182	EST	JAGNENKOVA Alina
131193	EST	VUHKA Maksim
131196	FIN	PIHKALA Arttu
131211	NOR	HAUG Borgar
131228	RTT	MALININA Natalia
131231	RUS	ABRAAMIAN Elizabet
131248	LTU	RILISKYTE Emilija
131249	LTU	RILISKYTE Kornelija
131335	EGY	GODA Hana
131342	SGP	ZENG Jian
131371	RUS	SHADRINA Daria
131375	JPN	TANAKA Yuta
131383	NED	MEN Shuohan
131395	IND	CHITALE Diya Parag
131401	KOR	CHOI Hyojoo
131406	DEN	CHRISTENSEN Thor
131408	UAE	SARHAN Zubair
131413	KOR	WOO Hyeonggyu
131429	BLR	KISEL Darya
131434	NOR	FRANSSON Alexander
131439	QAT	ALI Maha
131446	PUR	NARANJO Angel
131454	SWE	HANSSON Matilda
131455	SWE	BAASAN Nomin
131460	SWE	EDVINSSON Jennie
131461	SWE	ROOSE Alma
131464	SWE	HOLGERSSON Hannah
131465	SWE	MUSKANTOR Rebecca
131466	SWE	LINDSO Daniel
131472	CMR	ENJEMA IKOME Beatrice
131473	CMR	NTUMNYUY Harriet
131478	RSA	NATHOO Chetan
131480	WAL	HURSEY Anna
131484	IRI	HODAEI Amir Hossein
131558	IRI	HAJILOU Parinaz
131559	IRI	SAFAEI Shima
131572	CZE	ZADEROVA Linda
131581	ITA	ARLIA Nicole
131586	ITA	CARNOVALE Miriam
131587	SLO	OPEKA Lara
131589	ISR	ISRAELI Tal
131618	MEX	BARCENAS Clio
131671	POL	KUBIK Maciej
131673	SUI	OSIRO Pedro
131676	SUI	GIROD Dorian
131683	ITA	CAPPUCCIO Marco
131690	BUL	SARIEV Stoyan
131694	CZE	ONDERKA Frantisek
131723	ESP	VILARDELL Albert
131741	TUN	ZOGHLAMI Maram
131743	ENG	SIRAJ Shayan
131744	ENG	BARDSLEY Charlotte
131748	LUX	SCHOLZ Vivien
131756	BEL	LAFFINEUR Louis
131765	NED	HELLE Tanja
131779	ESP	GUTIERREZ Marc
131782	ESP	NUNEZ Miguel
131784	FRA	CAVAILLE Jules
131791	ALG	FEREDJ Hiba
131798	AUS	LUU Finn
131818	MRI	JALIM Nandeshwaree
131834	MRI	KINOO Ruqayyah
131845	SUI	REBETEZ Yoan
131846	FRA	COK Isa
131879	IND	SHAH Manush Utpalbhai
131892	THA	THANMATHIKOM Napat
131899	RSA	PETERS Cade
131912	SGP	PANG Yew En Koen
131914	IND	SAINI Suhana
131917	IND	JAIN Payas
131924	KOR	CHO Kijeong
131932	MAS	CHOONG Javen
131965	SGP	ZHOU Jingyi
131983	HKG	NG Pak Nam
131996	ROU	TOMA Darius
131997	BLR	KUNATS Heorhi
132022	GER	STUMPER Kay
132023	EGY	FATHY Hend
132026	NGR	OMEH Amadi
132028	EGY	BADAWY Farida
132059	EGY	AMRO Roa
132081	KSA	ALSHAREIF Khalid
132083	PUR	DIAZ Fabiola
132122	PAK	ZAHOOR Faizan
132124	MGL	MUNKHBAT Undram
132126	MGL	BATMUNKH Bolor-Erdene
132132	CHN	CHEN Yi
132137	CHN	CAO Wei
132144	SGP	SER Lin Qian
132171	KOR	CHOI Inhyeok
132172	KOR	JANG Seongil
132196	SMR	MONGIUSTI Mattias
132203	BUL	HRISTOVA Kalina
132223	SUI	MOULLET Barish
132231	HKG	CHAU Wing Sze
132232	ENG	POON Yat
132283	WAL	KELLY Danielle
132310	HKG	CHOY Chun Kit
132312	HKG	PAU Yik Man
132318	HKG	NG Wing Lam
132320	HKG	LEE Hoi Man Karen
132325	HKG	YIU Kwan To
132350	JOR	KASWAL Hamadeh
132351	JOR	ALDMAISY Raed
132389	AUS	LEE  Yonghun
132445	KEN	YONA  Jensen
132462	OMA	AL BALUSHI Muhannad
132554	USA	LI  Jian
132565	USA	ZHOU Jayden
132571	USA	YU Di
132616	USA	TIAN  Ye
132632	JPN	AIDA Satoshi
132641	USA	WANG  Ying
132658	PER	FERNANDEZ Carlos
132696	KOR	KWAK Yu Bin
132701	KOR	RYU Hanna
132702	KOR	LEE Daeun
132715	KOR	YOO Siwoo
132724	MAS	CHANG Li Sian Alice
132756	CRO	ARAPOVIC Hana
132760	IND	SIVASANKAR Yashini
132780	GRE	PAPADIMITRIOU Malamatenia
132781	KAZ	SAPAROVA Alsu
132786	IND	JEHO Himnakulhpuingheta
132793	ARG	LORENZO Santiago
132800	JPN	SUGASAWA Yukari
132804	KOR	JANG Hanjae
132808	HUN	FEJOS Anna
132809	SRB	BEZEG Reka
132820	TPE	LI Hsin-Yu
132824	TPE	KAO Cheng-Jui
132829	MDV	NAZIM Aishath
132870	UZB	TYAN Stanislav
132875	UZB	KHALIKOVA Kamila
132889	MAS	FONG Jay Shern
132892	MAS	LYNE Karen
132900	UZB	KHADJIEVA Rozalina
132907	IND	SEN Prapti
132908	IND	MITRA Abhimanyu
132909	IND	KUTUMBALE Anusha
132918	OMA	ALRAISI Asad
132953	KEN	WANDERA Josiah
132978	GER	KLEE Sophia
132983	SVK	DELINCAK Filip
132987	SVK	ILLASOVA Adriana
132992	FRA	LEBRUN Alexis
132994	CZE	SKALA Radek
132995	CZE	BELIK Simon
133000	JPN	HASHIMOTO Honoka
133004	HUN	DARI Helga
133013	HUN	HUZSVAR Erik
133020	SUI	TSCHANZ Cedric
133021	ENG	PATTERSON Mollie
133026	TUR	YILMAZ Ozge
133033	ESP	AYUSO Angel
133042	ESP	DE LAS HERAS Rafael
133074	KAZ	BAKHYT Anel
133113	KAZ	MIRKADIROVA Sarvinoz
133123	AUT	STERNER Anastasia
133124	KAZ	ROMANOVSKAYA Angelina
133134	KAZ	SMIRNOVA Alexandra
133150	BLR	VASILENKA Darya
133155	BLR	VOLKAVA Vera
133159	KAZ	AKIMALI Bakdaulet
133163	BLR	BELAKON Viachaslau
133178	KAZ	GERASSIMENKO Timofey
133189	KAZ	KIM  Temirlan
133265	CGO	GAMAGO Beria Francelle
133274	LAT	KOGANS Daniels
133287	EST	PUKK Oskar
133289	EST	PUKK Markkos
133304	AUT	CHEN Sofia Lu
133314	QAT	ALI Maryam
133321	CZE	BAKO Radim
133328	ITA	BARANI Arianna
133334	NED	LIEROP Karlijn VAN
133335	NED	ERNST Emine
133337	NED	OOST Kas VAN
133340	TUR	HARAC Ece
133341	SUI	HARDMEIER Elias
133342	FRA	DORCESCU Denis
133347	KOR	KIM Taehyun
133361	LBN	AZAR Laetitia
133367	MAD	RAKOTOARIMANANA Fabio
133369	WAL	WHITTON Lara
133396	SWE	TVEIT Leah
133398	ENG	PRICE Louis
133399	NOR	SORHEIM Sigurd
133403	KGZ	OMURALIEVA Altynai
133405	JPN	ODO Satsuki
133406	NOR	SKATTET Rikke
133415	ITA	VALLINO Federico
133423	SLO	KADIS Nusa
133426	SLO	TOKIC Sara
133427	SLO	PODOBNIK Miha
133437	CRO	VEKIC Leo
133439	CRO	PETEK Borna
133441	CHI	BURGOS Nicolas
133455	GER	MEISSNER Cedric
133459	JOR	AL-WEDIAN Bara
133463	ALG	TAHMI Hadjer
133464	ALG	KESSACI Amina
133469	KSA	ALSUWAILEM Salem
133475	EGY	YEHIA Alaa
133478	BRA	TAKAHASHI Giulia
133479	CHI	PEDRAZA Matias
133528	CHN	WANG Tianyi
133529	CHN	HAN Feier
133557	SLO	ZIGON Ziga
133592	IND	NATH Kaushani
133593	IND	GHOSH Swastika
133606	SGP	CHENG Janissa
133627	ESP	PANTOJA Miguel
133646	RSA	NOMDO Jesse
133647	RSA	KALAM Musfiquh
133650	RSA	PEKEUR Keanin
133652	FRA	DORR Esteban
133659	POR	MATOS Ines
133668	THA	AUEAWIRIYAYOTHIN Wanwisa
133694	JPN	TOGAMI Shunsuke
133707	KOR	BYUN Seoyoung
133713	SGP	QUEK Izaac
133722	NGR	JIMOH Rofiat
133723	NGR	AIYELBEGAN Sukurat
133732	NGR	AUGUSTINE Emmanuel
133734	NGR	AYANWALE Jamiu
133736	NGR	MATI Taiwo
133740	NGR	OYENIYI Kehinde
133742	NGR	BELLO Ahmed
133746	NGR	ETIM Orok
133758	POL	BRZYSKA Anna
133769	POL	LIS Martyna
133776	COL	MONTES Santiago
133813	KOR	PARK Gyuhyeon
133814	KOR	KIM Nayeong
133827	TPE	LIN Yen-Chun
133848	CHN	YUAN Licen
133850	SGP	CHUA Josh Shao Han
133853	SGP	KOH Dominic Song Jun
133867	HKG	CHAN Baldwin
133889	GUY	WONG Miguel
133893	CHN	XU Haidong
133894	CHN	LIU Weishan
133899	CHN	SONG Zhuoheng
133901	CHN	ZHANG Xiangyu
133933	JOR	SHALTOUNI Kareem
133945	UKR	DYMYTRENKO Anastasiya
133953	UKR	GREBENIUK Andrii
134011	ROU	ZAHARIA Elena
134012	ROU	MITROFAN Luciana
134022	TPE	HUANG Yu-Jen
134049	LBN	EL HABECH Mariam
134067	ESA	MACHADO Cristina
134080	LBN	AZAR Talia
134085	MAS	TEE Ai Xin
134088	LBN	ARIDA Christy
134097	CRC	ARAYA Daniel
134115	BUL	HASANOVA Dalma
134130	BLR	TSYHANOUSKI Mikhail
134140	CZE	KLEMPEREROVA Anna
134158	SLO	GODEC Aljaz
134169	ROU	CHIRITA Iulian
134170	BUL	BEKIR Eren
134176	SLO	NOVAK Tjasa
134186	IND	MALIK Yashansh
134200	ISL	RODRIGUEZ Ingi Darvis
134211	QAT	ALYAFEI Khalid
134214	ALG	NOUARI Widad
134227	SRB	DILAS Nemanja
134239	CHN	NIU Guankai
134240	CHN	XIE Congfan
134246	MLT	ABBASI Amirreza
134268	IRI	TAHER Mohammad MOUSAVI
134295	IRI	RAHIMI Elina
134316	JPN	SONE Kakeru
134317	JPN	YOKOTANI Jo
134318	NOR	TOFTAKER Martine
134323	SVK	CINCUROVA Ema
134329	ALG	MOBAREK Lucie
134330	SVK	WILTSCHKOVA Dominika
134331	GER	PRANJKOVIC Naomi
134338	CZE	VASENDOVA Jana
134339	CZE	HRABICOVA Klara
134340	CZE	STALZER Adam
134345	CRO	COSIC Dora
134356	MEX	COSSIO ACEVES Arantxa
134369	ROU	SINGEORZAN Ioana
134380	CHN	ZHAO Zihao
134395	MLT	WETZEL Felix
134398	KAZ	KHARKI Iskender
134418	COL	GUETE Daniel
134420	COL	LOZADA Juliana
134442	JPN	SHINOZUKA Hiroto
134444	NED	JORGUSESKA Dobrila
134467	USA	SHU Linda
134471	ECU	ARELLANO Angelica
134483	USA	QUAN Emily
134486	USA	SHETH Ved
134489	USA	MOYLAND Sally
134509	USA	WEI  Dianren
134528	CAN	NIE  Jiayi
134548	USA	LI  Yue
134556	NED	CAMARA Gabrielius
134557	NED	BOER Milo DE
134567	AUT	KASES Andre Pierre
134568	CZE	SOMMEROVA Helena
134571	ROU	ROSCA Mihai
134573	CZE	KVETON Ondrej
134575	ENG	EARLEY Sophie
134579	CZE	LEBEDA Matyas
134583	JPN	HAMADA Kazuki
134590	FRA	DESCHAMPS Hugo
134604	SWE	CARLSSON Charlie
134606	SWE	ALFREDSSON Isak
134612	SWE	HEDBOM Max
134616	SUI	SCHARRER Mauro
134625	ESP	PEREZ Juan
134627	ESP	GAINZA Alvaro
134643	UZB	MADALIEVA Sugdiyona
134656	ESP	RIERA Jana
134665	HKG	ZHANG  Wenjing
134676	CAN	JI Max
134690	SRB	GRUJIC Nikola
134693	ROU	MOVILEANU Darius
134714	ITA	ALLEGRANZA Giacomo
134718	FRA	PORET Thibault
134720	PAR	Axel BERTOLO
134755	BRA	SHIM Joon
134769	GUA	CUX Jenny
134774	MEX	NEUMANN Layan
134776	MEX	ACEVES Marbella
134782	CRC	DIAZ Sharon
134790	JPN	SASAO Asuka
134800	AUS	LUM Nicholas
134803	AUS	BAE Hwan
134814	NED	BERBEN Barry
134817	BEL	CLOSSET Tom
134834	THA	TAYAPITAK Wirakarn
134836	THA	PANKHAOYOY Supamas
134837	THA	DIKAENG Natsima
134848	RUS	SHEVNIN Semen
134849	MEX	CASTRO Rogelio
134856	ITA	SANCHI Tomas
134867	IND	ROHILLA Anjali
134868	IND	SRIVASTAVA Divyansh
134874	IND	CHAKRABORTI Prithoki
134877	IND	PARMAR Dhairya
134887	IND	MANI Nithya
134888	IND	BAISYA Poymantee
134893	BRA	PRADELLA Thiago
134900	NEP	KAPALI Sanyog
134906	NZL	WEBB Abbey
134922	ECU	CABRERA Maria
134928	PER	MALDONADO Maria
134934	IND	SURESH RAJ Preyesh
134940	IND	DUTT Arush
134950	MAS	NG Wann Sing Danny
134973	USA	SILVA Senura
134974	MDV	ALI Fathimath
134978	UKR	YEVTODII Iolanta
134982	ESP	COLL Silvia
135019	POL	REDZIMSKI Milosz
135022	POL	MICHALAK Aleksandra
135023	ROU	IONESCU Eduard
135039	POL	WIELGOS Zuzanna
135041	ESA	ORANTES Diego
135049	CHN	KUAI Man
135050	CHN	CHEN Yuanyu
135066	CHI	VOS Eusebio
135073	KOR	KWON Hyuk
135074	KOR	LEE Jungmok
135077	KAZ	ARTUKMETOV Irisbek
135091	TPE	CHENG Pusyuan
135106	THA	THANMATHIKOM Tanapat
135118	BAR	RILEY Tre
135179	JPN	OJIO Haruna
135187	HKG	KONG Tsz Lam
135190	HKG	WONG Hoi Tung
135265	FIN	TITIEVSKAJA Aleksandra
135288	NGR	AJAYI Bukola
135290	GHA	FREMA Cecilia
135292	IND	SARKAR Takeme
135294	CMR	GUIMFACK Saurelle
135305	PUR	TORRES Jabdiel
135306	PUR	BURGOS Brianna
135353	COL	CASAS Marta
135362	MEX	GOMEZ Juan Jesus
135366	CZE	OTAHAL Borek
135367	KOR	OH Junsung
135371	KOR	KIM Munsu
135373	KOR	KIM Seoyun
135383	QAT	ALNASER Rawad
135384	QAT	KORANI Ahmed
135386	QAT	AL-KUWARI Sultan
135387	AUT	DILLON  Adrian
135391	KOR	LEE Daeun
135394	ROU	ISTRATE Andrei
135401	CRO	ZLATKOV Luka
135404	BUL	EFTIMOV Georgi
135478	CZE	KAUCKY Jakub
135493	GER	KAUFMANN Annett
135494	GER	ULLMANN Lleyton
135498	GER	GRIESEL Mia
135499	GER	STORTZ Jele
135500	ALG	JELLOULI Milhane
135501	FRA	LUTZ Charlotte
135504	IND	GOEL Radhapriya
135511	IND	VARTIKAR Pritha Priya
135516	IND	GOEL Shubh
135571	SGP	LAI Chloe
135575	CZE	MORAVEK Radim
135623	UZB	ANORBOEV Abdulaziz
135625	JPN	TANIGAKI Yuma
135627	JPN	SUZUKI Hayate
135639	HUN	KISHEGYI Akos
135660	POR	PINTO Matilde
135674	CHN	SAI Linwei
135678	HUN	LEI Balazs
135693	FIJ	YEE Joshua
135698	USA	GUO  Jiangshan
135701	USA	JALLI Sarah
135715	USA	GOODWIN Kayla
135745	USA	MA Jinbao
135749	USA	JU  Mingwei
135760	BRA	FIORE Beatriz
135768	USA	NARESH Nandan
135769	USA	NARESH Sid
135770	USA	ZHAO  BoYun
135789	USA	FAHIMI Darius
135826	OMA	RIYAMI Ahmed AL
135839	DEN	SKARSHOLM Patrick
135841	DEN	DYEKJAER Theo
135848	DEN	HVID Noah
135865	DEN	HAAGENSEN Jocefina
135872	OMA	MUTAWA Mohammed AL
135879	OMA	AL-SHAHI Mashal
135886	CHN	QUAN Kaiyuan
135887	CHN	LIANG Yanning
135888	CHN	XIANG Peng
135893	CHN	LI Yuqi
135894	CHN	ZANG Xiaotong
135896	MKD	RUSTEMOVSKI Raif
135910	YEM	GUBRAN Ebrahim
135912	JOR	EL-HASANI Rinad
135919	CHN	ZENG Beixun
135920	CHN	ZHU Jiaqi
135922	CHN	YANG Yiyun
135923	CHN	QI Fei
135924	TPE	CHANG Yu-An
135935	JPN	YOKOI Sakura
135948	CHN	GAO Yang
135954	CHN	LENG Yutong
135966	UKR	TRETIAK Nazar
135972	CZE	HANAKOVA Nela
135977	FRA	LEBRUN Felix
135981	JPN	YOSHIYAMA Kazuki
135982	FIN	RASANEN Aleksi
135984	CZE	BRHEL Stepan
135991	CZE	BLINKA Michal
135996	JPN	MATSUSHIMA Sora
136005	HUN	SZANTOSI David
136007	FIN	KHOSRAVI Sam
136028	GER	SENKBEIL Vincent
136044	RUS	KABURKIN Maksim
136056	TPE	LI Yan Jun
136066	KSA	ABUALRAHI Hadi
136082	KEN	MUTUA Brian
136089	KEN	SETEY Lydia
136090	KEN	KOJAL Kennedy
136097	NED	CHAMBET-WEIL Remi
136100	CHN	HAN Xinyuan
136101	CHN	WU Yangchen
136116	FRA	KOURAICHI Alexis
136126	UKR	ZAVADSKYI Ihor
136153	ROU	MEI ROSU Bianca
136166	SLO	MOLTARA Enya
136170	TUN	ESSID Wassim
136180	ESP	RAD Elvira
136190	ITA	IZZO Giacomo
136202	NZL	CHOI Timothy
136214	ENG	PATEL Anaya
136258	BEL	MASSART Lilou
136309	JPN	AKAE Kaho
136348	GHA	OFORI Emmanuel
136357	FRA	CHEVALLIER Clemence
136365	SUI	TULLII Nina
136369	THA	SAELEE Puripong
136377	MAS	WONG Qi Shen
136399	LUX	VAN DESSEL   Mael
136401	LUX	SADIKOVIC Enisa
136402	KGZ	KASYMOV Akylbek
136403	CHN	FAN Shuhan
136406	CUB	CRESPO  Estela
136409	BRA	NOGUTI Henrique
136416	ECU	PIGUAVE Diego
136417	ECU	CEDENO Jeremy
136420	BRA	WATANABE Laura
136429	ECU	BORJA Maria
136432	PER	ESCOBEDO Francesca
136433	PER	PRIETO Alejandra
136473	KOR	GIL Minseok
136474	KOR	KIM Minwoo
136479	KOR	CHOI Nahyun
136491	PHI	CRUZ Kheith
136499	CMR	AHMED NENBA Yaoussou
136503	BEN	LIMA Chancia Cynthia
136505	CMR	BOULMO Igor
136516	TOG	AMAH Ayoko Fanida
136517	RSA	LEVY Dean
136520	CMR	MOHAMED Abdoulaye
136521	MRI	HOSENALLY Oumehani
136536	CHN	LIANG Guodong
136539	CHN	WANG Xiaotong
136566	AUT	KRAMER Lukas
136567	GER	OEHME Benno
136574	POL	SZTWIERTNIA Ilona
136587	CHN	SUN Zheng
136600	CAN	XU Jessie
136613	CHN	LI Yake
136622	TPE	CHUANG Chia-Chuan
136630	CAN	MORIN Katherine
136631	RSA	MOOSA Nizaam
136653	NZL	YANG  Zhehan Joanna
136687	CRO	BENKO Leon
136711	JPN	HARIMOTO Miwa
136712	JPN	UESAWA Anne
136755	UKR	MATIUNINA Veronika
136756	UKR	ZAVADA Mykyta
136757	JPN	YOSHIYAMA Ryoichi
136766	DOM	DARLEY MEJIA Eduardo
136779	CUB	Adrian PEREZ
136808	JPN	NOMURA Moe
136908	BLR	MIASHCHANSKAYA Ulyana
136984	TPE	TSENG Tzu-Yu
136987	TPE	YEH Yi-Tian
137003	IRI	SOHRABI Mohammadjavad
137004	KOR	LEE Hoyun
137012	NGR	MUSTAPHA Mustapha
137015	USA	OLASOJI Yinka
137031	BUL	MUTLU Sidelya
137032	BUL	GEORGIEVA Tsvetelina
137036	SUI	DOUTAZ Fanny
137037	SUI	STOLL Loic
137041	NED	VENNE Chana VAN DER
137097	JOR	KHADER Batool
137102	JOR	ALBESANI Jad
137114	DOM	MUNOZ Shary
137140	GHA	AGBOTTAH Hilda
137142	NGR	AKINSETE Abosede Esther
137159	CRC	PEREZ Sofia
137175	PUR	BIRRIEL Oscar
137181	PUR	VELEZ Yadier LOPEZ
137183	PUR	LAFONTAINE Kristal MELENDEZ
137185	PUR	LEON Edmarie
137191	IND	PUSHILAL Kiranjoy
137193	KOR	YOO Yerin
137202	FIN	HAKASTE Lauri
137212	AUT	LIU  Zhenlong
137235	BOT	MOTLHALAMME Tshepang
137237	CHN	LIN Shidong
137238	CHN	HUANG Youzheng
137242	IND	PAL Akash
137247	KSA	ALQASSAB Mohammed
137249	CRO	REBIC Zrinka
137274	KOR	CHOI Yeseo
137294	USA	FENG Jensen
137305	PER	RUBINOS Adrian
137314	PER	ARAGON Ana
137351	LBN	HABACH SaadEddine
137352	LBN	HABACH Mohamed Nour
137357	OMA	REYEMI Ahmed Salem
137380	QAT	AL-MOHANNADI Ahmad Khalil
137409	KAZ	KURMAMBAYEV Sagantay
137427	MRI	HOSENALLY Ashfani
137458	JPN	TAHARA Shogo
137465	CHN	XU Yi
137486	LBN	EL HABECH Yasmina
137487	LBN	CHIRI Bissan
137561	CZE	SIP Martin
137564	SVK	ARPAS Samuel
137568	KAZ	KURMANGALIYEV Alan
137569	KAZ	ZHUBANOV Sanzhar
137577	RUS	STEPANOVA Mariia
137612	ENG	PIGGOTT Benjamin
137624	FRA	ROBBES Jeanne
137626	FRA	PUJOL Elise
137627	AUS	LIU Yangzi
137630	POR	ABIODUN Tiago
137658	QAT	ALI HAMZA Ali
137665	TPE	YANG Chia-An
137686	DEN	NIELSEN Maribo Sally
137709	ENG	BALDWIN Mari
137726	KOR	PARK Changgeon
137731	KOR	KIM Hana
137733	CHN	SUN Wen
137734	CHN	YANG Huijing
137796	USA	LIN Jiaqi
137846	OMA	FARSI Luqman AL
137850	IND	GHORPADE Yashaswini
137863	ENG	GREEN Connor
137873	SWE	BERGENBLOCK William
137877	USA	TSAO Darryl
137885	AUT	RZIHAUSCHEK Julian
137894	FRA	YUAN Jia Nan
143586	GER	SCHWEIGER Tom
143671	SUI	VEPA Chaitanya
143785	IND	GOYAL Garima
143942	ITA	FASO Danilo
143947	ITA	MORETTI Irene
143949	ITA	MINURRI Sofia
144010	ECU	PONCE CEDENO Paul Ignacio
144068	ITA	FANTONI Matteo
144099	PER	VIGO IZAGUIRRE Rodrigo Ali
144239	BRA	SENAGA SHIRAY Karina Ayumi
144242	BRA	NISHIMURA Nicolas
144271	CHN	REN Hao
144473	MAS	LI YING Im
144508	CAN	LIU Crystal
144528	FRA	COTON Flavien
144596	MGL	UVGUNBURGED Baljinnyam
144615	IND	PRADHIVADHI Abhinandh
144628	CHN	QIN Yuxuan
144653	THA	DERUJIJAROEN Khemisarar
144661	ROU	GIRLEA  Maria
144666	QAT	ABDALLA Yousif
144667	QAT	ABDULWAHHAB Abdullah
144668	QAT	SAADAWI Ahmed
144705	TPE	HUNG Jing-Kai
144777	RSA	EDWARDS Lailaa
144778	CMR	NDOA Marie Edouard
144795	USA	SCHEUER Peter
144823	KOR	CHO Sangyeon
144824	KOR	HO Jeongmun
144827	HKG	LAW Sum Yee
144850	TUR	ISIK Hakan
144862	JPN	TAKEYA Misuzu
144891	BRA	IIZUKA Leonardo
144892	TUR	DURSUN Ugurcan
145015	UZB	NORKULOVA Mekhriniso
145016	UZB	MAGDIEVA Markhabo
145027	AUS	YANG  Qian
145047	CAN	CAI Demi Yu Ting
145087	BUL	KOTEV Radoslav
145110	CAN	YE Zelin
145156	CAN	GREWAL Jordan Shamsher
145171	KGZ	KASYMOV Atai
145261	SLO	HORVAT Polona
145267	JPN	OJIO Yuna
145277	SLO	VOVK Brin
145286	HUN	VARGA Botond Zoltan
145290	PER	LA TORRE SANCHEZ Mariagrazia
145294	COL	OTALVARO GARCIA Alex Federico
145304	KOR	LIM Yunoh
145391	PUR	VALENTIN-MARENGO Derek Yadiel
145408	VEN	DIAZ Mariangel
145409	COL	ISAZA Ana
145421	CRO	HENCL Ivan
145429	MGL	GANKHUYAG Ser-Od
145455	IND	KOTECHA Taneesha
145467	AFG	HOSSEINI  Mohammad
145473	UZB	RAKHIMBERGANOV  Jamshchid
145484	UGA	NAKHUMITSA Rita
145525	OMA	AL JASSASI Bader
145540	GER	KALAITZIDOU Eireen
145542	JOR	SADAQA Zeina
145544	FRA	HOCHART Leana
145547	GER	MERK Melanie
145550	CHN	HU Dongshen
145590	KEN	MSAFARI  Laban Justine
145596	KEN	JEMMY  Compell Amadi
145597	KEN	LISA  Nasimuyu Wele
145598	KEN	PAMELA  Glory Akeel
145606	ENG	GREEN Anna Lillian
145634	POR	SANTA Mariana
145641	CAN	MARTIN Simeon
145649	LUX/PER	SORRENTINO Giacomo
145694	SWE	SUNDIN Isak Theodor Mikael
145695	DEN	STOFFREGEN Mille Lyngsoe
145746	CZE	POLAKOVA Veronika
145759	FRA	GILLES Sohan Joseph
145796	GER	MORSCH Lorena
145799	GER	BERTELSMEIER Andre
145805	KOR	CHOI Seoyeon
145807	GER	NEUMANN Josephina
145828	CAN	MARTIN Matteo
145860	USA	DENG Zhen
145868	PER	ZEA HUACAN Cecilia Valentina
145902	USA	LIN Yishiuan
145904	USA	LU Changbo
145916	WAL	DOCHERTY Harrison Thomas
145950	USA	WANG Yixiao
145960	USA	ZHANG Tianrui
146021	BRA	YAMANE Hamilton
146023	BRA	MIYABARA Sabrina
146041	ECU	ANCHUNDIA LEON Keimy
146048	PER	DELGADO MATIAS Brunella Estefania
146057	IND	BRAMHACHARY Diya
146071	CAF	MBARI Princia
146081	MDV	AKHYAR Ahmed
146089	BRA	STOLARSKI Lhays
146091	BRA	STRASSBURGER Victoria
146113	IND	ALI Mohammed
146141	NED	DE HOOP Jacob Jochem
146213	BRA	CORREIA Beatriz
146217	COL	RUIZ SALAZAR Mariana
146224	VEN	CARDENAS MALLIOTAKIS Isaleym Mariam
146225	VEN	CASTILLO AROCHA Cesar Augusto
146284	VEN	GOMEZ OLIVERA Cristina
146287	CRC	MONTOYA  Alejandro
146298	UZB	KAMALOVA Arujan
146305	UZB	PANOV Nikita
200029	CRC	ZAVALETA Lucia
200040	NGR	BOBOYE Samuel
200044	TPE	KUO Guan-Hong
200087	TUR	DEMIR Busra
200093	GUY	VAN LANGE Jonathan
200095	CZE	KODETOVA Hanka
200157	CMR	BATIX Ylane
200182	JEY	SILCOCK Hannah
200186	SWE	SVENSSON Agnes
200205	NZL	GEAR Lisa
200226	IND	BASAK Anannya
200233	LBN	ABI NADER Michel
200291	BUL	VELICHKOV Yoan
200294	BUL	PERSOVA Viktoria
200304	BUL	DIMITROV Stefan
200310	NGR	ADEGOKE Muizz Olawale
200312	UZB	UKTAMBOEV Mukhammad
200317	IND	WANI Sayali
200319	IND	GOEL Prisha
200320	KAZ	SANDYBAYEVA Malika
200321	KAZ	TSVIGUN Alissa
200322	KAZ	ASHKEYEVA Aray
200323	KAZ	KOSHKUMBAYEVA Zhanerke
200327	CIV	BALLO Tiemoko
200328	CIV	LEBA Essevoh Mireille
200353	KGZ	SULAIMANOVA Nazgul
200354	KGZ	NASIRDINOV Adilet
200360	VEN	MATA APONTE Nathacha Dennys
200361	VEN	RIOS Carlos
200362	CMR	BERNSAH Cyril Nyuyuni
200363	CMR	DJIKE TCHUINKAM Marianne Hillary
200364	CMR	DJITOUO SAHA FOTSO Alex
200365	CMR	BOGHUMA KAHLIH BOBGA
200366	CMR	NSOH NJI Nelson
200369	CAF	MOZIALO Grace A Dieu
200370	CAF	GUEZA-GREMOINDI Ronald Gilles
200382	UGA	AMANIYO Flavia
200385	UGA	ACHUMA Benjamin Ebenezer
200386	UGA	NEKESA Irene
200389	BRA	DOTI Felipe
200390	BRA	IWASAKI Kim
200391	BRA	MENEZES ARAUJO Abimael
200407	CMR	DOH WABILA Christopher
200408	CMR	JASMINE KEVINE Mewambe Kouontchou
200409	CMR	JULIANA YVANA SHARON Mbock
200410	CAF	BANGAYE GUELINGO MAILLET Marlyse G
200413	KOR	JOO Cheonhui
200415	COL	BEDOYA Sebastian
200434	CAN	FU Ching Nam
200571	AFG	DANESHMAND Behrooz
200583	USA	SHEN Charles
200584	USA	YU Mandy
200586	USA	LIU Amber
200587	USA	LIN Ryan
200640	BRA	KANO Lana
200664	JPN	HAGIHARA Keishi
200756	BRA	SARDA Mahayla Aime
200776	LBN	FAHES Ahmad
200814	UAE	MOHAMMED Jassem
200861	QAT	AL-ABDULLA Obad
200904	FIN	DONNER Marina
200907	CHN	ZONG Geman
200908	CHN	ZHU Sibing
200909	RTT	POGOSIANTS Arina
201032	KOR	PARK Gahyeon
201124	TUR	OCAL Gorkem
201160	CHN	WANG Tingyu
201164	KOR	LEE Seungsoo
201185	LBN	AL DAKDOUKI Ramez
201238	IRI	FARAJI Benyamin
201271	HKG	MAK Ming Shum
201279	JOR	ALHAJ HASHEM Mira
201289	JOR	AL-ZOUBI Rakan
201311	IND	VARGHESE Jennifer
201438	THA	VIJITVIRIYAGUL Kulapassr
201446	RSA	SCHOLTZ Ruan
201453	SGP	LOY Ming Ying
201462	IND	KARMAKAR Avisha
201466	GER	VERDONSCHOT Wim
201504	AUS	SAREEN Aditya
201508	USA	LEBAKA Nishant
201787	COL	JIMENEZ Juan
201872	JPN	YOSHIMOTO Hana
201893	USA	KUI Nicholas
201896	USA	CHEN Lichen
201897	USA	FAHIMI Daria
201909	VEN	FERRER Dakota
201914	IRI	MOSLEMI Mehrsa
201943	USA	ZAI Isabella
201944	USA	OU Rachel
201945	USA	LI Xin
201946	USA	WONG Grace
201947	USA	WANG Jihai
201948	USA	CANTARELLI Frederico
201949	USA	YANG ALbert
201961	CAN	DESMEULES Joakim
201972	USA	KASHYAP Stuti
202038	USA	MENON Amoolya
202064	CHN	WANG Chen Ce
202094	KEN	KINUTHIA Mary
202095	KEN	PARANJO Rufina
202341	THA	CHANTANA Thanwarat
202344	THA	SREECHAK Wiranchana
202345	THA	WONGLAKHON Phatsaraphon
202361	BOT	MOOKETSI Ndelu
202375	ZAM	NALAVWE Latifa
202376	ZAM	MWELWA Janet
202408	IRI	KESHAVARZI Amirmahdi
202502	VAN/PNG	AGARI Tammi
202627	NGR	KUTI Matthew
202639	RSA	MASHWABI Boipelo
202641	RSA	BEUKES Liam
202643	RSA	HEERALAL Bhavna
202746	CHN	WANG Yiduo
202747	CHN	ZHU Ziyu
202748	CHN	CHU Hanwen
202797	IND	MAJI Sayanika
202859	MHL	BOKADRIK Ricky
202860	MHL	BOB Kabuati
202957	THA	PRASONGPOL Nawachet
202970	CHN	YAN Yutong
203029	CHN	SUN Yang
203067	CHN	WEN Ruibo
203306	LBN	YAHNIAN Lori
203308	NGR	ABDULFATAI Abdulbasit
203457	LBN	SAFADIEH Bassam
203472	CHN	LI Hechen
203536	ENG	YU Tianer
203573	USA	TOLEDO Claudinei
203584	VEN	ARRIAGA Carlo
203588	USA	AMAYA Juan
203618	CHN	DING Yijie
203619	CHN	GAO Yuxin
203752	RSA	MOTHUPI Boingotlo
203761	RSA	RAMSUTH Cameron
203852	RSA	GAYANDA Kavir
203934	MAD	RAZAFINARIVO Antoine
204071	IND	DESAI Vidit
204072	IND	CHOUDHARY Gayatri
204073	IND	MEHRA Naman
204074	IND	KURDIKERI Samarth
204197	IND	ANTAL Jashan
204216	IND	SHARMA Manav
204288	CHN	CHEN Junsong
204290	CHN	SUN Sinan
204291	CHN	CHANG Lingfei
204302	IND	MAZUMDER Prachi
204351	AUT	KRAMER Christopher
204397	TUR	TEMEL Arda
204499	REF	AHMADIAN Mahdi
204515	BRA	ROMANSKI Lucas
204845	CHN	CHEN Hengda
205257	GHA	MARFO James
205259	GHA	ANTWI Francis
205260	GHA	ALABI Godwin
205401	CHI	ZENG Zhiying
205717	BRA	SARMENTO Allan
205789	MDV	ISMAIL Mohamed
205801	NGR	AKINYEMI Adebowale
205816	GHA	COLEMAN Agnes
205850	NGR	UDOAKA Hope
205931	USA	YU Carmen
205994	LBN	BAYROUTI Mariam
206252	HKG	SU Tsz Tung
206326	BRA	CARVALHO Lucas
206604	MGL	MANLAIJARGAL Munkh-Ochir
207044	LBN	ABDALLAH Karim
207888	USA	TANG Yao
208351	KOR	JEONG Yeonghun
208363	IND	DAS Debolina
208511	IND	AGARWAL Anshuman
208869	LBN	DAMAJ Hala
208905	LBN	RADI Antony
208988	LBN	BADIH Mohamad
208989	LBN	BADIH Ibrahim
208990	LBN	MOUKHTAR Hilal
209021	JPN	OKANO Shunsuke
209074	IND	MALIK Rahul
209805	CHN	FENG Yixuan
